,Uniprot ID,Residue Number,CO,P,IP,X,S
Abl1,P00519,Y393,9.107976253,25,38,73,585
Phospholipase C gamma 1 (PLCG1),P19174,Y1253,43.16182506,0,0,0,0
KIT,P10721,Y823,16.08858569,20,56,67,917
SYK,P43405,Y348,18.12461212,293,40,166,657
ErbB2,P04626,Y1248,12.94794539,122,1,73,940
Src,P12931,Y530,14.67938118,359,5,79,134
c-Met,P08581,Y1235,23.26371085,13,48,46,1359
JAK2,O60674,Y1007,18.30319244,20,33,24,1209
Fyn,P06241,Y420,14.4275959,140,46,77,489
Lck,P06239,Y505,14.06730669,347,5,74,144
ZAP-70,P43403,Y319,16.61437365,59,42,64,638
Vav1,P15498,Y174,14.0554803,164,27,46,876
Bruton's tyrosine kinase (Btk),Q06187,Y551,13.82231116,14,43,58,674
EphA3,P29320,Y596,13.37224835,131,6,87,885
SHP-2 (PTPN11),Q06124,Y542,20.55194834,0,0,2,682
Insulin receptor (INSR),P06213,Y1185,18.06244838,0,50,1,1352
Crk-like Protein (CRKL),P46109,Y207,8.309950739,0,0,0,0
FAK1,Q05397,Y397,14.74017176,344,11,42,498
VEGFR2,P35968,Y1175,18.30965579,0,0,0,0
EphA2,P29317,Y772,14.09831021,2,42,7,958
Ron receptor,Q04912,Y1353,21.18867499,0,0,0,0
Lyn,P07948,Y508,14.4141152,369,5,82,124
EGFR,P00533,Y1197,13.5364465,0,0,0,0
STAT3,P40763,Y705,12.22806121,0,0,0,0
PDGFR beta,P09619,Y857,16.16299512,214,73,124,913
Insulin Receptor Substrate 1 (IRS1),P35568,Y896,8.934109795,0,0,0,0
